{"cameraMode":{"drawMode":0,"name":"Shaded","section":"Shading Mode"},"sceneLighting":true,"audioPlay":false,"sceneViewState":{"showFog":true,"showMaterialUpdate":false,"showSkybox":true,"showFlares":true,"showImageEffects":true,"showParticleSystems":true},"in2DMode":false,"pivot":{"x":308.95867919921877,"y":87.2431640625,"z":526.7265625},"rotation":{"x":0.19694489240646363,"y":0.027301855385303499,"z":-0.005562833976000547,"w":0.9800758957862854},"size":125.73777770996094,"orthographic":false}